{"0": {"precision": 0.8518518518518519, "recall": 0.8518518518518519, "f1-score": 0.8518518518518519, "support": 54}, "1": {"precision": 0.8518518518518519, "recall": 0.8518518518518519, "f1-score": 0.8518518518518519, "support": 54}, "accuracy": 0.8518518518518519, "macro avg": {"precision": 0.8518518518518519, "recall": 0.8518518518518519, "f1-score": 0.8518518518518519, "support": 108}, "weighted avg": {"precision": 0.8518518518518519, "recall": 0.8518518518518519, "f1-score": 0.8518518518518519, "support": 108}, "ppl_score": 1.8231373670608797, "ppl_diff": 1.749944757532191, "acc": 0.8518518518518519, "auc": 0.918724279835391}