{"hc_ppl_list": [15.684446334838867, 16.362937927246094, 15.862759590148926, 15.767355918884277, 15.358107566833496, 15.924256324768066, 16.796247482299805, 17.037370681762695, 17.38365364074707, 15.715485572814941, 16.86581039428711, 16.14474105834961, 15.349347114562988, 16.3616943359375, 16.090803146362305, 16.13648223876953, 16.271263122558594, 14.916357040405273, 14.742427825927734, 15.625120162963867, 16.298503875732422, 16.38176155090332, 16.994216918945312, 16.661231994628906, 16.56178855895996, 16.401988983154297, 15.453432083129883, 17.199081420898438, 16.742294311523438, 15.162927627563477, 16.108375549316406, 16.10321044921875, 14.910440444946289, 14.50760269165039, 16.98773193359375, 16.80034065246582, 16.54031753540039, 15.43535327911377, 15.932424545288086, 14.96464729309082, 16.559505462646484, 16.438522338867188, 14.87837028503418, 14.908634185791016, 17.195659637451172, 16.622285842895508, 16.779409408569336, 16.952123641967773, 16.373685836791992, 16.28949546813965, 16.309349060058594, 16.520254135131836, 16.445493698120117, 15.99686050415039], "ad_ppl_list": [18.818145751953125, 18.733570098876953, 16.254610061645508, 21.869747161865234, 16.404144287109375, 17.61033058166504, 16.832592010498047, 17.649457931518555, 19.45469856262207, 20.224117279052734, 18.128705978393555, 17.942773818969727, 18.412269592285156, 16.23422622680664, 17.9189453125, 18.956005096435547, 18.211257934570312, 17.57280158996582, 17.13824462890625, 15.034293174743652, 18.456268310546875, 16.183948516845703, 19.092098236083984, 19.01443862915039, 17.84777069091797, 19.86520767211914, 18.80978012084961, 16.559904098510742, 16.94091796875, 17.867265701293945, 18.465225219726562, 17.803173065185547, 18.0108699798584, 17.100969314575195, 19.437030792236328, 18.521583557128906, 18.469491958618164, 16.581357955932617, 17.83085060119629, 17.029865264892578, 17.436845779418945, 18.441234588623047, 17.376380920410156, 17.04790687561035, 17.09326934814453, 17.67018699645996, 17.632646560668945, 17.834945678710938, 18.546628952026367, 17.08695411682129, 17.54893684387207, 18.596704483032227, 16.486175537109375, 17.223234176635742], "hc_mean": 16.126184975659406, "ad_mean": 17.876129733191597, "t_statistic": -9.47329964678038, "p_value": 8.605354065156757e-16}