{"hc_ppl_list": [16.203908920288086, 17.078392028808594, 16.424787521362305, 16.236637115478516, 15.97239875793457, 15.70262336730957, 16.742338180541992, 17.553203582763672, 18.046886444091797, 15.761710166931152, 17.14856719970703, 16.183820724487305, 15.705480575561523, 17.28997802734375, 17.03045082092285, 16.8454647064209, 17.047382354736328, 15.661518096923828, 15.394822120666504, 16.306604385375977, 16.671178817749023, 17.211002349853516, 17.558326721191406, 17.68145179748535, 17.132110595703125, 17.56071662902832, 16.146114349365234, 17.362415313720703, 17.97413444519043, 15.221257209777832, 17.096261978149414, 16.34127426147461, 15.58545970916748, 14.853379249572754, 16.98054313659668, 17.109296798706055, 16.920223236083984, 16.190275192260742, 17.174320220947266, 15.722257614135742, 17.097972869873047, 16.977645874023438, 15.64368724822998, 15.996380805969238, 17.575092315673828, 17.375211715698242, 17.09101104736328, 17.575820922851562, 16.521312713623047, 16.964136123657227, 17.064298629760742, 17.13948631286621, 16.658849716186523, 17.006250381469727], "ad_ppl_list": [20.055654525756836, 19.51548194885254, 17.02560043334961, 23.326431274414062, 17.27713394165039, 19.016414642333984, 18.23286247253418, 18.797199249267578, 20.854774475097656, 21.903596878051758, 19.482728958129883, 18.767717361450195, 19.55196762084961, 16.72633934020996, 19.009519577026367, 19.78106117248535, 19.410924911499023, 18.70009422302246, 17.24480628967285, 16.110137939453125, 20.387060165405273, 17.382417678833008, 20.373567581176758, 20.544631958007812, 18.89051055908203, 20.830373764038086, 20.549007415771484, 16.74443244934082, 17.5939884185791, 18.916105270385742, 19.935993194580078, 18.661710739135742, 18.912641525268555, 18.075069427490234, 20.85049819946289, 20.260587692260742, 20.1656494140625, 17.057199478149414, 18.954965591430664, 18.0583438873291, 18.214385986328125, 19.44116973876953, 18.525859832763672, 18.165050506591797, 17.733861923217773, 19.144380569458008, 18.903305053710938, 18.366580963134766, 20.216379165649414, 18.210124969482422, 18.49134063720703, 19.561264038085938, 17.54996109008789, 18.421661376953125], "hc_mean": 16.69474317409374, "ad_mean": 18.97926902770996, "t_statistic": -10.71206926125723, "p_value": 1.3846352822743289e-18}