{"0": {"precision": 0.8363636363636363, "recall": 0.8518518518518519, "f1-score": 0.8440366972477065, "support": 54}, "1": {"precision": 0.8490566037735849, "recall": 0.8333333333333334, "f1-score": 0.8411214953271028, "support": 54}, "accuracy": 0.8425925925925926, "macro avg": {"precision": 0.8427101200686107, "recall": 0.8425925925925926, "f1-score": 0.8425790962874047, "support": 108}, "weighted avg": {"precision": 0.8427101200686106, "recall": 0.8425925925925926, "f1-score": 0.8425790962874047, "support": 108}, "ppl_score": 2.061538690521593, "ppl_diff": 2.28452585361622, "acc": 0.8425925925925926, "auc": 0.934156378600823}