{"0": {"precision": 0.8333333333333334, "recall": 0.8333333333333334, "f1-score": 0.8333333333333334, "support": 54.0}, "1": {"precision": 0.8333333333333334, "recall": 0.8333333333333334, "f1-score": 0.8333333333333334, "support": 54.0}, "accuracy": 0.8333333333333334, "macro avg": {"precision": 0.8333333333333334, "recall": 0.8333333333333334, "f1-score": 0.8333333333333334, "support": 108.0}, "weighted avg": {"precision": 0.8333333333333334, "recall": 0.8333333333333334, "f1-score": 0.8333333333333334, "support": 108.0}, "ppl_score": 1.564088007584494, "ppl_diff": 3.879243444513392, "acc": 0.8333333333333334, "auc": 0.8820301783264746}