{"hc_ppl_list": [16.550809860229492, 19.01504898071289, 17.95355796813965, 17.584774017333984, 16.575929641723633, 16.42079734802246, 18.528583526611328, 20.523189544677734, 20.989395141601562, 15.253532409667969, 19.594364166259766, 18.10311508178711, 15.794098854064941, 16.98007583618164, 17.94209861755371, 18.58473777770996, 16.327238082885742, 14.537323951721191, 15.742189407348633, 17.886005401611328, 17.46051025390625, 18.763994216918945, 19.347021102905273, 19.909664154052734, 19.379730224609375, 19.618562698364258, 16.113510131835938, 19.494518280029297, 19.33972930908203, 15.1575927734375, 18.405458450317383, 15.167317390441895, 15.914889335632324, 13.039689064025879, 19.456457138061523, 16.948368072509766, 19.027935028076172, 16.350292205810547, 18.753358840942383, 15.552386283874512, 19.037240982055664, 18.18918800354004, 15.038717269897461, 15.101606369018555, 19.974910736083984, 20.81975555419922, 20.111188888549805, 18.17904281616211, 19.06800079345703, 18.152870178222656, 19.319852828979492, 19.686527252197266, 17.889524459838867, 18.514598846435547], "ad_ppl_list": [24.76711654663086, 22.465986251831055, 16.89297103881836, 30.467390060424805, 16.964401245117188, 20.890514373779297, 18.8801212310791, 20.830612182617188, 27.540945053100586, 25.718652725219727, 22.014177322387695, 20.934505462646484, 24.8820743560791, 18.410356521606445, 20.370298385620117, 24.539669036865234, 22.021432876586914, 20.58192253112793, 19.785972595214844, 15.450451850891113, 23.658096313476562, 16.35403060913086, 25.0128116607666, 22.514083862304688, 21.3995418548584, 27.690662384033203, 23.679340362548828, 17.875017166137695, 19.86969757080078, 21.8370418548584, 20.93071746826172, 22.286645889282227, 22.4102725982666, 20.532188415527344, 26.80196762084961, 24.590511322021484, 24.284828186035156, 18.180166244506836, 22.727554321289062, 19.239665985107422, 20.480316162109375, 22.805572509765625, 20.51580238342285, 20.213592529296875, 20.791837692260742, 22.724088668823242, 20.378849029541016, 21.472881317138672, 22.53048324584961, 19.546098709106445, 20.148916244506836, 25.69450569152832, 19.514476776123047, 19.548187255859375], "hc_mean": 17.83649769535771, "ad_mean": 21.715741139871103, "t_statistic": -8.127239689936559, "p_value": 8.732889058822789e-13}