{"0": {"precision": 0.8703703703703703, "recall": 0.8703703703703703, "f1-score": 0.8703703703703703, "support": 54}, "1": {"precision": 0.8703703703703703, "recall": 0.8703703703703703, "f1-score": 0.8703703703703703, "support": 54}, "accuracy": 0.8703703703703703, "macro avg": {"precision": 0.8703703703703703, "recall": 0.8703703703703703, "f1-score": 0.8703703703703703, "support": 108}, "weighted avg": {"precision": 0.8703703703703703, "recall": 0.8703703703703703, "f1-score": 0.8703703703703703, "support": 108}, "ppl_score": 2.0630115101303823, "ppl_diff": 2.09716835728398, "acc": 0.8703703703703703, "auc": 0.936556927297668}