{"hc_ppl_list": [16.266338348388672, 17.00104522705078, 16.639612197875977, 16.818391799926758, 16.29745864868164, 16.225605010986328, 17.266908645629883, 17.939287185668945, 18.2324161529541, 16.43960952758789, 17.682310104370117, 16.61042022705078, 15.726369857788086, 17.020347595214844, 17.28158187866211, 16.274721145629883, 16.86977195739746, 15.544949531555176, 15.512009620666504, 16.600011825561523, 16.696481704711914, 17.27280044555664, 17.491233825683594, 17.736656188964844, 17.282310485839844, 17.930471420288086, 16.37685203552246, 17.628923416137695, 17.234840393066406, 15.525464057922363, 16.854150772094727, 16.54279327392578, 15.853246688842773, 15.082468032836914, 17.698984146118164, 17.477514266967773, 17.08415412902832, 15.777320861816406, 17.02688980102539, 15.852937698364258, 17.116199493408203, 16.892934799194336, 15.71858024597168, 15.873557090759277, 17.566919326782227, 17.2598819732666, 17.600751876831055, 17.877853393554688, 16.79676055908203, 16.719402313232422, 17.113204956054688, 16.918237686157227, 17.367652893066406, 16.748706817626953], "ad_ppl_list": [19.57427215576172, 19.338401794433594, 16.99343490600586, 22.61354637145996, 17.458377838134766, 18.51580047607422, 17.827646255493164, 18.54811668395996, 20.662708282470703, 21.55106544494629, 19.400634765625, 19.10395050048828, 19.603652954101562, 17.169498443603516, 18.480270385742188, 20.22372055053711, 18.95257568359375, 18.303892135620117, 18.47909927368164, 16.140003204345703, 19.798826217651367, 16.380517959594727, 20.241273880004883, 20.02480697631836, 18.700151443481445, 20.91524887084961, 20.122238159179688, 17.318767547607422, 17.6422061920166, 19.077064514160156, 19.647167205810547, 18.99654769897461, 19.094514846801758, 18.633928298950195, 20.517005920410156, 19.9400577545166, 20.345718383789062, 17.548614501953125, 18.915620803833008, 18.403400421142578, 18.20000648498535, 19.421794891357422, 18.26667594909668, 17.87138557434082, 17.967496871948242, 18.858600616455078, 18.33644676208496, 18.65038299560547, 19.472904205322266, 18.799270629882812, 18.70781707763672, 19.911836624145508, 17.735328674316406, 18.089101791381836], "hc_mean": 16.81937599182129, "ad_mean": 18.91654434910527, "t_statistic": -10.719722256435652, "p_value": 1.330747742944183e-18}