{"0": {"precision": 0.8545454545454545, "recall": 0.8703703703703703, "f1-score": 0.8623853211009175, "support": 54}, "1": {"precision": 0.8679245283018868, "recall": 0.8518518518518519, "f1-score": 0.8598130841121496, "support": 54}, "accuracy": 0.8611111111111112, "macro avg": {"precision": 0.8612349914236707, "recall": 0.8611111111111112, "f1-score": 0.8610992026065336, "support": 108}, "weighted avg": {"precision": 0.8612349914236707, "recall": 0.8611111111111112, "f1-score": 0.8610992026065335, "support": 108}, "ppl_score": 1.6990083386565336, "ppl_diff": 2.2248593259740765, "acc": 0.8611111111111112, "auc": 0.897119341563786}