{"hc_ppl_list": [16.36095428466797, 16.659648895263672, 16.988513946533203, 16.763431549072266, 16.33035659790039, 16.350744247436523, 17.774206161499023, 18.40180015563965, 19.286970138549805, 16.13459014892578, 17.793306350708008, 17.018138885498047, 16.192764282226562, 17.684120178222656, 17.165109634399414, 17.539443969726562, 17.103879928588867, 15.352435111999512, 15.76684856414795, 16.637990951538086, 17.030681610107422, 17.21442222595215, 17.79355239868164, 17.605701446533203, 17.80266571044922, 17.445690155029297, 16.538496017456055, 17.598772048950195, 18.375520706176758, 15.736166954040527, 17.247398376464844, 16.666040420532227, 15.726395606994629, 14.977826118469238, 18.427593231201172, 17.17072105407715, 17.51004409790039, 15.88766098022461, 17.357376098632812, 16.266550064086914, 17.177608489990234, 17.623027801513672, 15.873640060424805, 16.8324031829834, 18.299516677856445, 17.294471740722656, 18.453638076782227, 17.904151916503906, 17.318828582763672, 17.365922927856445, 17.38229751586914, 18.33380699157715, 17.681720733642578, 16.937437057495117], "ad_ppl_list": [20.82693862915039, 19.175119400024414, 17.011255264282227, 24.525367736816406, 16.801794052124023, 19.377031326293945, 17.55746078491211, 19.065900802612305, 21.80898094177246, 22.510679244995117, 19.65347671508789, 19.00680923461914, 20.899953842163086, 17.007369995117188, 18.61517906188965, 20.709932327270508, 19.514625549316406, 19.08184051513672, 18.37640953063965, 15.5283203125, 20.534040451049805, 17.286296844482422, 21.112525939941406, 20.69411277770996, 19.08074951171875, 22.338109970092773, 21.13560676574707, 17.365982055664062, 17.90593147277832, 19.25115966796875, 19.828847885131836, 19.465286254882812, 19.792280197143555, 18.352113723754883, 21.394874572753906, 20.914628982543945, 20.449596405029297, 17.40793228149414, 19.675508499145508, 18.89786148071289, 18.652462005615234, 20.03103256225586, 18.351816177368164, 18.771560668945312, 17.932390213012695, 19.072385787963867, 18.8798885345459, 18.682819366455078, 19.974700927734375, 18.28978157043457, 18.24178123474121, 20.86834716796875, 18.089115142822266, 18.52943229675293], "hc_mean": 17.114129649268257, "ad_mean": 19.338988975242334, "t_statistic": -8.828306295108916, "p_value": 2.4149703813508763e-14}