{"0": {"precision": 0.875, "recall": 0.9074074074074074, "f1-score": 0.8909090909090909, "support": 54}, "1": {"precision": 0.9038461538461539, "recall": 0.8703703703703703, "f1-score": 0.8867924528301887, "support": 54}, "accuracy": 0.8888888888888888, "macro avg": {"precision": 0.8894230769230769, "recall": 0.8888888888888888, "f1-score": 0.8888507718696398, "support": 108}, "weighted avg": {"precision": 0.8894230769230769, "recall": 0.8888888888888888, "f1-score": 0.8888507718696398, "support": 108}, "ppl_score": 2.0224893305320806, "ppl_diff": 2.8559247299476915, "acc": 0.8888888888888888, "auc": 0.9245541838134431}