{"hc_ppl_list": [16.421707153320312, 17.331562042236328, 16.28211784362793, 16.836332321166992, 16.887737274169922, 15.642385482788086, 16.977645874023438, 17.386289596557617, 18.217029571533203, 15.605514526367188, 17.437915802001953, 16.22581672668457, 15.266582489013672, 16.484066009521484, 16.387863159179688, 16.21697235107422, 15.5496826171875, 14.619390487670898, 15.361102104187012, 16.669803619384766, 16.582128524780273, 17.83652687072754, 17.686996459960938, 17.715038299560547, 17.54483985900879, 17.311426162719727, 16.068445205688477, 17.59063720703125, 17.322290420532227, 15.10258960723877, 16.565523147583008, 15.590372085571289, 15.403447151184082, 14.3341646194458, 17.389272689819336, 16.588665008544922, 17.331274032592773, 15.729069709777832, 16.36785888671875, 15.155250549316406, 17.586280822753906, 16.85430908203125, 15.062529563903809, 15.319594383239746, 17.324552536010742, 17.71512794494629, 17.237197875976562, 17.64814567565918, 17.215791702270508, 16.827381134033203, 17.318063735961914, 16.642297744750977, 16.898130416870117, 16.819385528564453], "ad_ppl_list": [20.213037490844727, 19.7150936126709, 16.66182518005371, 24.911300659179688, 16.81431770324707, 19.331344604492188, 18.76343536376953, 19.39348030090332, 22.040605545043945, 22.592313766479492, 20.022634506225586, 19.508831024169922, 20.808147430419922, 16.060802459716797, 18.140439987182617, 21.464250564575195, 19.826337814331055, 18.890851974487305, 18.43014144897461, 16.2929630279541, 21.14779281616211, 16.62392234802246, 21.984617233276367, 20.316789627075195, 19.145246505737305, 22.502538681030273, 21.512727737426758, 17.177480697631836, 16.750038146972656, 19.401412963867188, 19.53650665283203, 19.868873596191406, 19.721031188964844, 18.565446853637695, 21.584819793701172, 20.979469299316406, 20.83048439025879, 17.683517456054688, 19.918088912963867, 18.1468563079834, 18.305179595947266, 20.080490112304688, 19.33355712890625, 17.6636962890625, 18.608430862426758, 20.384721755981445, 19.239437103271484, 18.9257755279541, 19.80561065673828, 18.402997970581055, 18.87944221496582, 20.578418731689453, 17.95268440246582, 18.271799087524414], "hc_mean": 16.583187438823558, "ad_mean": 19.43911216877125, "t_statistic": -10.509162834742588, "p_value": 3.968650467395911e-18}