{"hc_ppl_list": [19.379301071166992, 20.56092071533203, 19.385761260986328, 19.879878997802734, 19.5313720703125, 19.354204177856445, 20.681495666503906, 21.38994598388672, 22.383594512939453, 18.9350643157959, 21.32371711730957, 19.7541446685791, 18.858613967895508, 20.206968307495117, 20.750322341918945, 19.80323600769043, 20.8267879486084, 17.82111167907715, 18.218685150146484, 18.994474411010742, 20.10215950012207, 20.776281356811523, 22.053882598876953, 20.886653900146484, 20.861204147338867, 21.483348846435547, 19.589963912963867, 21.81041145324707, 21.417646408081055, 18.49334716796875, 19.756223678588867, 19.329008102416992, 18.470874786376953, 16.362415313720703, 21.96259307861328, 21.603776931762695, 20.44078826904297, 18.553945541381836, 20.82304573059082, 17.82536506652832, 21.201221466064453, 20.059814453125, 18.176071166992188, 18.260210037231445, 21.844358444213867, 21.476173400878906, 21.534523010253906, 21.585601806640625, 19.96930694580078, 20.533937454223633, 20.338220596313477, 21.281150817871094, 21.110170364379883, 20.20947265625], "ad_ppl_list": [25.8564453125, 25.720993041992188, 19.424551010131836, 28.83820915222168, 20.565017700195312, 22.19317626953125, 22.546215057373047, 22.95707130432129, 26.81647491455078, 27.27391815185547, 24.911130905151367, 22.70989227294922, 24.527929306030273, 20.33216094970703, 23.085126876831055, 25.36235809326172, 24.103574752807617, 22.63421058654785, 21.700183868408203, 18.494354248046875, 25.366174697875977, 18.130998611450195, 26.681533813476562, 24.637147903442383, 23.763032913208008, 27.258834838867188, 24.286666870117188, 20.72793197631836, 21.206275939941406, 23.678173065185547, 24.256820678710938, 23.825958251953125, 24.466333389282227, 22.84967803955078, 26.99698257446289, 25.631208419799805, 25.935361862182617, 20.40055274963379, 23.963783264160156, 22.49146842956543, 22.82375717163086, 24.260955810546875, 22.430553436279297, 21.905120849609375, 22.257917404174805, 23.650283813476562, 24.473539352416992, 23.777297973632812, 25.71413803100586, 23.364402770996094, 23.102134704589844, 24.735755920410156, 21.802291870117188, 21.784521102905273], "hc_mean": 20.152273495992024, "ad_mean": 23.568344116210938, "t_statistic": -9.674740424247139, "p_value": 3.026180432886494e-16}