{"0": {"precision": 0.8596491228070176, "recall": 0.9074074074074074, "f1-score": 0.8828828828828829, "support": 54}, "1": {"precision": 0.9019607843137255, "recall": 0.8518518518518519, "f1-score": 0.8761904761904761, "support": 54}, "accuracy": 0.8796296296296297, "macro avg": {"precision": 0.8808049535603715, "recall": 0.8796296296296297, "f1-score": 0.8795366795366795, "support": 108}, "weighted avg": {"precision": 0.8808049535603715, "recall": 0.8796296296296297, "f1-score": 0.8795366795366796, "support": 108}, "ppl_score": 1.8619046627596132, "ppl_diff": 3.416070620218914, "acc": 0.8796296296296297, "auc": 0.9084362139917694}